{"packages/cupertino_icons/assets/CupertinoIcons.ttf":["packages/cupertino_icons/assets/CupertinoIcons.ttf"],"assets/acc.png":["assets/acc.png"],"assets/algolisp_results.jpg":["assets/algolisp_results.jpg"],"packages/font_awesome_flutter/lib/fonts/fa-brands-400.ttf":["packages/font_awesome_flutter/lib/fonts/fa-brands-400.ttf"],"packages/font_awesome_flutter/lib/fonts/fa-regular-400.ttf":["packages/font_awesome_flutter/lib/fonts/fa-regular-400.ttf"],"packages/font_awesome_flutter/lib/fonts/fa-solid-900.ttf":["packages/font_awesome_flutter/lib/fonts/fa-solid-900.ttf"],"assets/iitgn.png":["assets/iitgn.png"],"assets/methodology.png":["assets/methodology.png"],"assets/motivation.png":["assets/motivation.png"],"assets/motivation_2.png":["assets/motivation_2.png"],"assets/poster.png":["assets/poster.png"],"assets/previouswork.png":["assets/previouswork.png"],"assets/symbol.png":["assets/symbol.png"],"assets/training_loop.jpg":["assets/training_loop.jpg"]}